minecraft_material,hytale_material,note
minecraft:oak_planks,Wood_Hardwood_Planks,
domum_ornamentum:brick_extra,Soil_Clay_Brick,tuiles brique DO -> brique d'argile
domum_ornamentum:paper_extra,Soil_Clay_Smooth_White,torchis (papier DO) -> argile lisse blanche
domum_ornamentum:red_brick_extra,Soil_Clay_Smooth_Red,tuiles rouges DO -> argile lisse rouge
domum_ornamentum:cobblestone_extra,Rock_Stone_Cobble,
domum_ornamentum:brown_bricks,Soil_Clay_Raw_Brick,briques brunes DO -> brique d'argile brute
domum_ornamentum:wheat_extra,Soil_Clay_Smooth_Yellow,chaume DO -> argile lisse jaune (Hytale n'a pas de chaume plein)
minecraft:cobblestone,Rock_Stone_Cobble,
domum_ornamentum:green_brick_extra,Soil_Clay_Smooth_Green,
domum_ornamentum:gray_brick_extra,Soil_Clay_Smooth_Grey,
minecraft:bricks,Soil_Clay_Brick,
domum_ornamentum:black_brick_extra,Soil_Clay_Smooth_Black,
domum_ornamentum:mossy_cobblestone_extra,Rock_Stone_Cobble_Mossy,
domum_ornamentum:orange_brick_extra,Soil_Clay_Smooth_Orange,
domum_ornamentum:brown_brick_extra,Soil_Clay_Raw_Brick,
domum_ornamentum:cream_bricks,Rock_Sandstone_White_Brick,briques crème DO -> brique de grès blanc
domum_ornamentum:purple_brick_extra,Soil_Clay_Smooth_Purple,
minecraft:spruce_planks,Wood_Softwood_Planks,
minecraft:polished_diorite,Rock_Stone_Brick_Smooth,
minecraft:yellow_terracotta,Soil_Clay_Yellow,
minecraft:polished_deepslate,Rock_Slate_Brick_Smooth,
minecraft:nether_bricks,Rock_Basalt_Brick,
minecraft:stone_bricks,Rock_Stone_Brick,
domum_ornamentum:blue_cobblestone_extra,Rock_Aqua_Cobble,
domum_ornamentum:purple_cobblestone_extra,Rock_Runic_Cobble,
minecraft:white_terracotta,Soil_Clay_White,
minecraft:stripped_oak_wood,Wood_Oak_Trunk_Full,bois écorcé -> tronc plein (Hytale n'a pas d'écorcé plein)
domum_ornamentum:cyan_brick_extra,Soil_Clay_Smooth_Cyan,
domum_ornamentum:beige_bricks,Rock_Lime_Brick,
minecraft:stone,Rock_Stone,
domum_ornamentum:blue_brick_extra,Soil_Clay_Smooth_Blue,
minecraft:oak_wood,Wood_Oak_Trunk_Full,
minecraft:orange_terracotta,Soil_Clay_Orange,
minecraft:obsidian,Rock_Volcanic,
minecraft:stripped_oak_log,Wood_Oak_Trunk_Full,
minecraft:red_terracotta,Soil_Clay_Red,
minecraft:andesite,Rock_Stone_Brick_Smooth,
minecraft:deepslate_tiles,Rock_Slate_Brick,
minecraft:terracotta,Soil_Clay,
minecraft:birch_planks,Wood_Lightwood_Planks,
minecraft:magenta_terracotta,Soil_Clay_Pink,
minecraft:green_terracotta,Soil_Clay_Green,
domum_ornamentum:white_paper_extra,Soil_Clay_Smooth_White,
minecraft:gold_block,Rock_Gold_Brick_Smooth,
minecraft:spruce_wood,Wood_Fir_Trunk_Full,
minecraft:red_wool,Cloth_Block_Wool_Red,
minecraft:white_wool,Cloth_Block_Wool_White,
minecraft:cobbled_deepslate,Rock_Slate_Cobble,
minecraft:smooth_stone,Rock_Stone_Brick_Smooth,
minecraft:polished_andesite,Rock_Stone_Brick_Smooth,
minecraft:glowstone,Rock_Gold_Brick_Smooth,pierre lumineuse : pas de bloc lumineux plein accepté -> brique d'or
minecraft:end_stone,Rock_Lime,
minecraft:iron_block,Metal_Iron_Smooth,
minecraft:sea_lantern,Rock_Aqua_Brick_Smooth,lanterne marine : pas de bloc lumineux plein accepté
minecraft:oak_log,Wood_Oak_Trunk_Full,
minecraft:coal_block,Rock_Basalt,
minecraft:brown_terracotta,Soil_Clay_Raw_Brick,
minecraft:crimson_planks,Wood_Redwood_Planks,
minecraft:purpur_pillar,Rock_Runic_Brick,
minecraft:warped_planks,Wood_Greenwood_Planks,
minecraft:glass,,verre : aucun bloc de verre dans les tags HyDomum -> matériau par défaut de l'emplacement
minecraft:stripped_dark_oak_wood,Wood_Darkwood_Planks,
minecraft:cyan_terracotta,Soil_Clay_Cyan,
minecraft:spruce_log,Wood_Fir_Trunk_Full,
minecraft:chiseled_stone_bricks,Rock_Stone_Brick_Decorative,
minecraft:dark_oak_planks,Wood_Darkwood_Planks,
